index,item_weight
0,11.2 kilogram
2,330.0 pound
3,2.4 pound
7,2.9 pound
8,907.0 gram
9,500.0 gram
10,50.0 pound
12,300.0 pound
13,16.0 ounce
20,20.0 gram
21,196.0 gram
22,4.5 gram
23,227.0 gram
27,64.0 gram
28,985.0 gram
29,250.0 gram
30,75.0 gram
32,1.1 pound
33,142.0 gram
34,454.0 gram
36,70.0 pound
38,66.0 gram
40,38.6 ton
41,175.0 gram
48,340.0 gram
51,100.0 gram
52,430.0 gram
53,320.0 gram
55,64.0 gram
59,311.8 gram
61,396.0 gram
63,202.0 gram
64,0.3 kilogram
65,85.0 gram
68,15.0 gram
69,454.0 gram
70,20.0 ounce
72,220.0 gram
74,35.0 gram
77,3.0 ounce
78,656.0 gram
82,440.0 pound
83,9.5 gram
87,1.3 pound
89,128.0 gram
90,4.0 pound
91,12.0 ounce
93,2.2 pound
94,51.0 ton
97,500.0 gram
98,170.0 pound
99,4.8 pound
100,2268.0 gram
102,600.0 pound
103,240.0 gram
104,7.7 pound
105,100.0 gram
106,10.0 ounce
107,150.0 gram
110,907.0 gram
112,426.0 gram
114,23.0 pound
115,33.0 pound
116,2.6 gram
117,57.0 gram
118,737.0 gram
119,232.0 gram
120,10.0 kilogram
122,238.0 gram
123,200.0 kilogram
124,0.4 pound
126,256.0 gram
127,300.0 pound
129,202.0 gram
130,1350.0 gram
131,18.0 pound
132,1.4 pound
133,1.0 pound
135,8490.0 gram
136,62.0 pound
138,396.0 gram
139,3.9 pound
141,30.0 gram
144,75.0 gram
151,150.0 kilogram
152,400.0 gram
153,37.0 pound
156,2.2 pound
159,20.0 pound
160,40.0 ounce
161,16.0 gram
164,227.0 gram
165,640.0 gram
166,101.0 gram
168,74.0 gram
171,128.0 gram
173,450.0 gram
177,500.0 kilogram
178,1000.0 gram
179,11.1 ounce
180,32.0 gram
181,650.0 gram
183,45.0 pound
184,283.0 gram
185,37.0 gram
186,1.0 ounce
187,2270.0 gram
188,1.0 gram
189,80.0 pound
190,27.0 pound
191,276.0 gram
195,64.0 gram
196,150.0 ton
197,227.0 gram
198,220.0 pound
199,150.0 gram
200,300.0 pound
201,40.0 gram
202,330.0 pound
204,5.6 kilogram
205,418.0 ton
206,290.0 gram
207,1846802.0 gram
210,98.0 gram
211,91.0 kilogram
212,100.0 gram
213,0.7 kilogram
214,454.0 gram
216,32.0 ounce
217,10000.0 gram
218,0.0 gram
220,5.2 pound
222,240.0 gram
227,10.0 gram
230,5.3 pound
231,920.0 gram
232,4.0 ton
233,28.0 gram
237,680.0 gram
239,91.0 ounce
242,13.2 pound
245,182.0 gram
249,196.0 gram
250,140608.0 ton
252,100128.0 gram
253,225.0 gram
254,93.5 gram
255,64.0 gram
256,310.0 gram
257,450.0 ton
259,330.0 pound
262,21.8 pound
265,598.0 gram
266,48.0 gram
267,1949.0 ton
269,170.1 gram
271,120.0 kilogram
272,26.0 ounce
274,19.6 pound
277,128.0 gram
278,240.0 gram
280,1.9 kilogram
281,120.0 gram
283,180.0 gram
285,242.0 pound
286,85.0 gram
287,1.1 pound
289,16.0 ton
290,15.0 pound
291,290.0 gram
292,100.0 pound
293,1.0 ounce
294,5.0 gram
295,65.0 pound
296,20.0 gram
299,13.7 gram
303,15.0 kilogram
305,85.0 gram
306,40.0 kilogram
307,255.0 gram
308,193.0 gram
310,154.0 gram
311,14.0 ton
312,300.0 gram
313,330.0 pound
314,180.0 gram
315,212.0 gram
317,121.0 pound
321,30.0 gram
325,737.0 gram
326,400.0 gram
327,5.0 ton
328,111.0 ton
333,300.0 pound
335,0.8 pound
338,0.7 pound
339,85.0 gram
343,100.0 kilogram
346,1.0 kilogram
347,18.0 gram
349,240.0 gram
350,271.0 gram
351,2.0 ton
353,5.0 ton
354,160.0 gram
356,500.0 pound
357,3.3 pound
358,222.0 pound
359,128.0 gram
360,680.0 gram
361,30.0 pound
362,1.8 kilogram
363,800.0 gram
365,27.0 gram
366,283.0 gram
367,7.6 kilogram
368,1.0 pound
369,6.7 ounce
372,298.0 gram
373,4.0 ton
374,100.0 ounce
375,44.0 pound
378,8.0 pound
379,500.0 gram
380,175.0 gram
381,15.4 pound
382,8.8 gram
384,200.0 gram
385,175.0 ounce
387,12.0 ton
388,124.6 pound
391,185.0 gram
392,400.0 pound
395,200.0 gram
396,1.0 ounce
397,100.0 gram
399,15.0 kilogram
402,15.0 pound
403,34.5 gram
404,15.0 pound
406,45.0 pound
408,25.0 pound
410,14.8 pound
412,256.0 gram
413,5.0 pound
415,2.5 kilogram
418,50.0 gram
419,550.0 gram
420,85.0 gram
421,300.0 pound
422,89.0 gram
423,12000.0 pound
424,748.0 gram
425,1.5 pound
428,57.0 pound
431,60.0 gram
434,39.7 gram
435,2.9 pound
436,312.0 gram
437,7.0 ounce
438,32.0 gram
439,2.3 kilogram
441,128.0 gram
442,140.0 gram
443,2.7 gram
447,80.0 gram
448,180.0 gram
452,141.0 gram
453,0.0 ton
457,1.1 pound
459,800.0 gram
460,128.0 gram
461,150.0 pound
462,64.0 gram
464,136.0 gram
465,330.0 pound
468,300.0 gram
471,2.5 pound
472,100.0 gram
475,6.2 pound
476,20.0 gram
482,180.0 gram
483,120.0 gram
484,330.0 pound
487,3.0 gram
490,56.0 ounce
491,100.0 gram
494,300.0 gram
496,1100.0 pound
498,10.0 gram
499,380.0 gram
500,148.0 gram
501,0.8 pound
502,311.0 gram
503,17.6 pound
506,185.0 gram
507,2.5 kilogram
508,750.0 pound
510,49.0 ton
511,700.0 gram
516,256.0 gram
519,250.0 gram
521,10.6 gram
523,0.6 pound
524,2.6 kilogram
525,113.0 gram
527,440.0 pound
528,64.0 gram
530,20.0 kilogram
532,260.0 gram
535,3.3 pound
536,900.0 gram
537,1.7 kilogram
538,182115.0 ton
539,43.0 gram
540,32.0 gram
541,20.0 kilogram
542,3.2 kilogram
545,600.0 gram
547,22.0 pound
548,283.0 gram
549,270.0 gram
550,20.0 ton
551,160.0 ton
553,1.0 pound
554,8.0 ounce
555,64.0 gram
556,400.0 gram
557,170.0 pound
558,20.3 pound
559,614.0 ton
560,150.0 gram
561,70.0 pound
562,85.0 gram
563,291.0 ton
565,423.0 gram
566,8.0 kilogram
568,453.0 gram
570,250.0 gram
571,21.1 pound
572,80.0 gram
576,0.2 pound
577,120.0 gram
578,271.0 gram
581,2.8 pound
582,2.0 ton
589,2.0 ounce
590,5.0 gram
593,6.0 gram
594,10.0 pound
596,256.0 gram
597,32.0 ounce
600,16.0 kilogram
601,2.5 pound
602,512.0 gram
603,67.0 pound
605,209.0 gram
606,501.6 gram
610,3.0 ton
612,12.8 pound
613,8.0 gram
614,128.0 gram
615,4.0 ton
616,1.5 pound
617,567.0 gram
618,16.0 gram
619,512.0 gram
620,8294.0 ton
624,500.0 gram
625,140.0 gram
626,110.0 pound
629,28.0 gram
630,283.0 gram
631,240.0 gram
634,1.9 pound
639,340.0 gram
641,8.0 ounce
642,5.0 pound
644,5.0 pound
645,480.0 gram
647,300.0 pound
649,15.0 gram
652,150.0 kilogram
656,8.6 kilogram
658,100.0 gram
661,440.0 pound
662,10.0 pound
663,170.0 gram
664,13.0 ounce
665,6.0 gram
668,22.0 pound
669,454.0 gram
671,220.0 pound
672,9.2 ounce
673,300.0 pound
674,10.0 gram
675,30.0 gram
677,200.0 pound
679,44.1 pound
681,454.0 gram
683,30.4 pound
687,16.0 gram
688,113.0 gram
689,14.3 ounce
694,32.0 gram
695,1.0 pound
696,0.8 pound
698,80.0 pound
699,260.0 gram
705,13.0 pound
706,7.8 ounce
707,210.0 gram
710,454.0 gram
711,32.0 gram
712,8.0 pound
713,50.0 pound
717,85.0 gram
719,375.0 pound
721,350.0 gram
723,3.9 pound
724,130.0 gram
725,155.0 gram
726,1.0 ton
730,62.0 pound
731,90.0 kilogram
732,50.0 gram
733,7.8 ounce
735,128.0 gram
737,20.5 pound
738,500.0 gram
740,375.0 gram
741,660.0 pound
747,6.7 ton
750,8.0 ton
753,12.7 kilogram
755,14.0 gram
757,475.0 gram
758,2.5 pound
759,160.0 gram
760,24.0 kilogram
761,291.0 ton
762,20011.0 ton
763,600.0 pound
764,10.1 pound
765,100.0 gram
766,4.2 kilogram
769,340.0 gram
770,350.0 gram
772,600.0 pound
773,250.0 gram
775,100.0 gram
777,24.0 gram
779,610.0 gram
780,9.4 pound
782,8.0 gram
787,400.0 gram
789,176.0 gram
790,15.0 pound
792,91.0 kilogram
793,550.0 gram
797,30.0 kilogram
798,1.0 ton
800,276.0 gram
801,8.7 ounce
804,30.0 gram
805,3.5 kilogram
808,220.0 pound
810,4.4 ounce
811,7.0 gram
814,1.2 ton
816,35.0 gram
818,114.0 gram
819,6.0 ounce
823,250.0 pound
825,28.0 pound
826,220.0 pound
827,32.0 gram
829,225.0 gram
832,20.0 gram
835,4.0 gram
836,9.0 gram
837,30.0 gram
839,344.0 gram
840,5.5 pound
841,2.0 kilogram
842,17.6 kilogram
846,110.0 gram
847,454.0 gram
848,35.0 pound
849,340.0 gram
850,4.0 ton
852,2268.0 gram
853,1813.0 gram
854,63.0 ounce
855,140.0 gram
856,200.0 gram
859,340.0 gram
860,80.0 gram
861,600.0 gram
862,16.0 gram
864,200.0 gram
868,3.7 kilogram
869,1.3 pound
870,157.7 pound
871,43.0 gram
872,93.3 gram
874,1.4 kilogram
875,160.0 gram
876,1.0 pound
877,12.0 pound
880,88.0 pound
881,80.0 gram
882,0.0 ton
883,170.0 gram
885,150.0 gram
887,2.0 pound
888,230.0 kilogram
889,40.0 gram
890,15.0 gram
891,156.5 pound
892,60.0 gram
893,40.2 ounce
894,60.0 gram
896,2177.0 gram
901,1.5 pound
903,14.0 ton
905,1.9 ounce
906,64.0 ounce
907,1703921.0 ton
910,227.0 gram
912,65.0 gram
917,310.0 gram
918,170.1 gram
919,4.5 kilogram
920,0.9 gram
921,7.2 kilogram
922,30.0 gram
924,32.6 pound
928,960.0 gram
934,255.0 gram
935,10.0 gram
939,110.0 gram
940,454.0 gram
941,30.0 gram
942,2835.0 ton
944,567.0 gram
947,330.0 pound
948,300.0 gram
950,125.0 pound
954,209.0 pound
957,120.0 kilogram
960,220.0 pound
962,0.6 pound
964,13.0 pound
966,907.0 gram
971,6.0 pound
972,240.0 gram
974,17.0 pound
976,8.2 ounce
978,3.0 ounce
981,580.0 kilogram
982,17.0 pound
983,155.0 gram
984,22.0 pound
985,125.0 gram
986,20.0 kilogram
988,204.0 kilogram
993,350.0 pound
995,2.0 ton
997,320.0 gram
1001,300.0 gram
1003,5.0 ton
1004,400.0 gram
1006,861.0 gram
1008,30.0 gram
1010,32.0 gram
1011,24.0 ounce
1012,50.0 pound
1014,5000.0 gram
1015,0.9 kilogram
1016,450.0 pound
1017,67.0 gram
1018,15.0 pound
1019,340.0 gram
1020,1800.0 gram
1021,246.0 gram
1022,33.0 pound
1023,4.9 pound
1025,225.0 pound
1026,8.2 pound
1028,600.0 pound
1029,0.8 pound
1031,89.0 gram
1032,32.0 gram
1034,4000.0 gram
1036,8.0 ounce
1039,21.2 gram
1040,250.0 gram
1041,150.0 gram
1042,26.0 kilogram
1043,390.0 gram
1045,10.0 pound
1046,114.0 gram
1047,256.0 gram
1049,1100.0 pound
1052,175.0 gram
1056,191.0 ton
1058,2.0 pound
1059,245.0 pound
1060,1141.0 gram
1061,3.1 pound
1062,17.2 ounce
1064,18.0 pound
1065,128.0 gram
1068,16.0 gram
1069,85.0 gram
1070,8.0 ounce
1071,14.7 pound
1076,150.0 gram
1077,30.0 gram
1078,98.0 kilogram
1079,0.0 ton
1080,11.0 gram
1081,350.0 gram
1083,8.0 gram
1085,5.0 pound
1086,180.0 gram
1087,120.0 gram
1090,454.0 gram
1091,5.0 gram
1092,67.0 pound
1094,100.0 gram
1095,0.0 gram
1099,7.0 gram
1100,150.0 kilogram
1101,21.0 pound
1102,4.0 pound
1104,32.0 gram
1108,2.0 kilogram
1109,96.0 gram
1112,300.0 pound
1113,105.0 gram
1114,80.0 gram
1117,35.0 pound
1118,5.0 pound
1119,212.0 gram
1120,907.0 gram
1122,256.0 gram
1123,276.0 gram
1124,28.0 gram
1125,16.0 ounce
1126,12.0 gram
1128,4.0 ounce
1129,200.0 pound
1130,44.0 gram
1132,226.0 gram
1133,2.4 gram
1134,16.0 gram
1136,55.0 pound
1137,10.0 pound
1139,1.0 ton
1141,121.0 pound
1152,24.0 pound
1153,510.0 gram
1154,300.0 gram
1155,28.0 gram
1158,180.0 gram
1161,45.0 pound
1163,31.0 gram
1165,26.0 gram
1166,454.0 gram
1167,22.0 ton
1168,44.0 pound
1169,284.0 gram
1172,140.0 gram
1173,238.0 gram
1175,100.0 gram
1177,453.0 gram
1179,8.4 kilogram
1180,9072.0 gram
1183,300.0 gram
1184,440.0 pound
1185,182115.0 ton
1187,85.0 gram
1189,0.7 gram
1190,338.0 gram
1194,13.5 gram
1195,207.0 gram
1196,22.0 pound
1197,820.0 gram
1202,64.0 gram
1204,40.0 gram
1206,50.0 gram
1207,300.0 pound
1208,40.0 gram
1210,25.0 gram
1212,5.0 pound
1213,1.4 kilogram
1217,400.0 kilogram
1218,3.6 pound
1220,550.0 gram
1221,129.0 gram
1222,284.0 gram
1224,300.0 kilogram
1225,570.9 gram
1226,12.0 ounce
1227,11.0 gram
1229,850.0 gram
1230,180.0 gram
1232,28.0 kilogram
1233,330.0 pound
1234,8.0 pound
1236,1.0 ton
1237,180.0 gram
1238,220.0 pound
1240,50.0 gram
1241,60.0 gram
1243,4.0 pound
1244,2.0 pound
1247,85.0 gram
1248,4.0 pound
1250,400.0 gram
1251,4.5 kilogram
1254,792.0 gram
1255,3.9 kilogram
1257,212.6 gram
1259,10.0 gram
1262,10.0 pound
1264,100.0 gram
1265,430.0 gram
1266,680.0 gram
1267,12.0 gram
1271,5000.0 pound
1272,113.0 gram
1274,2.0 ton
1276,8.0 gram
1277,64.0 gram
1278,3.5 pound
1279,44.0 ton
1283,300.0 pound
1284,1.8 ounce
1287,4.0 ton
1291,80.0 gram
1293,37.5 gram
1294,22.0 gram
1295,162.0 gram
1297,4.6 pound
1298,60.0 pound
1299,227.0 gram
1301,226.0 gram
1302,2012.0 gram
1303,274.0 gram
1304,2.0 ton
1306,41.0 kilogram
1307,8.0 gram
1312,420.0 gram
1319,17.0 pound
1320,30.0 gram
1326,95.8 pound
1328,42.0 gram
1336,170.1 gram
1337,550.0 gram
1338,42.0 gram
1339,20.0 kilogram
1340,6.6 pound
1341,47.0 kilogram
1342,5.0 ton
1345,9.0 gram
1346,40.0 pound
1347,308.5 gram
1351,6521212.0 ton
1353,60.0 gram
1355,907.0 gram
1357,125.0 gram
1360,6.9 ounce
1361,70.0 gram
1362,256.0 gram
1363,12.0 ounce
1368,7.0 pound
1370,4.0 pound
1371,227.0 gram
1372,117.0 gram
1374,81.0 kilogram
1376,0.9 kilogram
1377,22.0 pound
1378,24.0 pound
1382,136.0 kilogram
1383,10.0 gram
1384,440.0 pound
1385,340.0 gram
1386,454.0 gram
1387,907.0 gram
1388,20.0 gram
1389,90.0 gram
1390,85.0 gram
1391,1.2 ounce
1392,809.0 gram
1393,64.0 gram
1394,5.0 kilogram
1395,55.0 pound
1397,330.0 gram
1398,41.0 gram
1400,2.1 pound
1401,1.0 ounce
1402,10.0 kilogram
1404,65.0 kilogram
1409,17.6 kilogram
1410,5.1 ounce
1413,300.0 gram
1417,25.0 kilogram
1418,5.0 pound
1420,20.0 pound
1421,400.0 gram
1422,16.0 ounce
1427,297.0 gram
1428,2.0 ounce
1429,400.0 gram
1431,3.5 pound
1433,453.0 gram
1434,15.0 pound
1435,0.2 pound
1438,300.0 gram
1439,75.0 gram
1440,600.0 pound
1441,135.0 gram
1442,25.4 gram
1443,110.0 ton
1446,302.0 gram
1447,6.6 pound
1449,340.0 gram
1451,5.0 ounce
1452,4.0 ounce
1453,285.0 gram
1454,13.0 pound
1455,3.6 pound
1456,5.8 pound
1457,227.0 gram
1460,50.0 gram
1461,207.0 gram
1462,64.0 gram
1465,468.0 gram
1466,303.0 gram
1467,42.5 gram
1468,50.0 gram
1469,128.0 gram
1470,7.0 gram
1471,255.0 gram
1473,50.0 pound
1474,3.2 pound
1475,260.0 pound
1476,312.0 gram
1480,280.0 gram
1481,224.0 gram
1482,56.0 gram
1483,8.0 gram
1484,7.5 kilogram
1485,100.0 gram
1486,595.0 gram
1487,4.0 kilogram
1488,80.0 gram
1490,971.0 ton
1491,450.0 gram
1492,5.0 kilogram
1494,16.0 gram
1496,256.0 gram
1498,1.7 pound
1501,312.0 gram
1503,12.7 ounce
1504,100.0 kilogram
1505,18.2 kilogram
1506,440.0 pound
1508,20.0 ounce
1509,453.0 gram
1510,6.0 gram
1511,1.0 ton
1512,113.0 gram
1513,94.2 pound
1516,6.0 gram
1519,50.0 pound
1521,12.0 kilogram
1523,850.0 gram
1529,16.0 ounce
1530,4.8 pound
1532,170.0 gram
1533,6.0 gram
1534,250.0 gram
1535,50.0 gram
1536,128.0 gram
1538,1.0 pound
1539,400.0 gram
1540,85.0 gram
1545,145.0 gram
1551,280.0 gram
1553,40.0 pound
1554,2.0 gram
1557,2.2 pound
1559,1000.0 gram
1560,9.5 kilogram
1561,500.0 gram
1563,3.0 gram
1565,400.0 gram
1568,4.1 pound
1569,48.0 pound
1571,64.0 gram
1572,1.9 pound
1573,16.0 ton
1574,454.0 gram
1575,32.0 gram
1576,180.0 gram
1577,3.0 pound
1581,2.0 ton
1583,1230.0 gram
1584,3.0 pound
1587,16.0 gram
1589,226.7 gram
1590,4.4 pound
1591,16.0 gram
1592,16.0 gram
1593,82.5 gram
1594,12.0 pound
1595,453.0 gram
1599,50.0 kilogram
1603,31.0 gram
1605,85.0 gram
1607,1.2 gram
1608,80.0 gram
1609,19.0 pound
1612,70.0 pound
1613,40.0 gram
1614,10.0 pound
1615,12.0 kilogram
1618,118.0 gram
1619,13.0 gram
1621,56.0 ounce
1623,35.0 ounce
1625,227.0 gram
1627,28.0 gram
1628,30.0 gram
1629,2.0 ton
1631,50.0 gram
1633,11.0 pound
1635,1.2 pound
1637,9.0 gram
1638,800.0 gram
1642,32.0 gram
1643,6.0 ounce
1644,5.0 pound
1646,4.0 gram
1647,198.0 gram
1648,660.0 pound
1650,120.0 gram
1651,650.0 gram
1652,6.0 kilogram
1653,180.0 gram
1654,908.0 gram
1655,12.0 ounce
1656,6.0 gram
1658,0.2 kilogram
1659,0.5 ton
1661,250.0 pound
1663,187.0 gram
1666,0.7 pound
1668,86.0 pound
1672,250.0 gram
1676,480.0 gram
1679,52.0 gram
1680,3.3 gram
1683,27.0 pound
1687,330.0 pound
1688,1000.0 gram
1689,100.0 pound
1691,70.0 pound
1696,127.6 pound
1697,229.0 gram
1698,4700.0 gram
1701,1.0 gram
1702,1720.0 gram
1704,1.1 pound
1705,35.0 pound
1706,90180.0 gram
1707,227.0 gram
1709,581.0 gram
1710,1.2 ounce
1711,128.0 gram
1712,1202340.0 gram
1714,5.0 pound
1715,3.0 pound
1716,150.0 gram
1718,283.0 gram
1719,250.0 gram
1720,128.0 gram
1721,2022.0 gram
1723,100.0 ton
1724,229.0 gram
1725,39.0 gram
1726,454.0 gram
1727,180.0 gram
1728,3002840.0 gram
1729,1900.0 gram
1730,11.0 pound
1731,454.0 gram
1733,20.0 ton
1734,100.0 gram
1735,283.4 gram
1738,45.0 kilogram
1740,22.0 gram
1741,50.0 ounce
1742,22.0 pound
1743,284.0 gram
1749,15.0 pound
1751,150.0 gram
1752,65.0 gram
1753,432.0 gram
1754,66.0 gram
1755,7.5 pound
1759,29.6 gram
1762,220.0 pound
1763,5.0 gram
1767,560.0 gram
1768,22.0 kilogram
1769,40.0 pound
1771,2.0 gram
1773,330.0 pound
1777,2.0 pound
1779,170.0 gram
1780,3.8 gram
1781,19.5 pound
1784,150.0 gram
1786,170.0 gram
1787,69.0 gram
1788,439.0 gram
1789,23.0 gram
1790,256.0 gram
1792,645.0 gram
1794,15.0 pound
1796,4.7 gram
1797,9.0 gram
1798,12.0 ton
1802,250.0 pound
1803,5000.0 gram
1804,60.0 pound
1805,155.0 gram
1806,128.0 gram
1808,13.7 kilogram
1810,33.0 ton
1811,14.0 ton
1812,35.0 pound
1815,4.0 gram
1816,240.0 gram
1820,16.0 gram
1821,2.5 gram
1822,14.0 pound
1823,6.0 gram
1824,88.0 pound
1825,1729.0 gram
1826,128.0 gram
1828,32.0 ton
1831,340.0 gram
1832,13.0 ton
1833,5.0 pound
1834,12.0 ounce
1835,310.0 gram
1837,2.2 pound
1840,189.5 pound
1841,128.0 gram
1842,500.0 pound
1848,40.0 gram
1849,185.0 gram
1850,19.6 pound
1851,88.0 gram
1853,700.0 pound
1854,47.4 pound
1856,4.9 kilogram
1860,340.0 gram
1861,75.0 gram
1863,5.0 gram
1864,120.0 kilogram
1866,57.7 gram
1867,550.0 pound
1868,6000.0 ton
1869,17.0 pound
1870,297.6 pound
1871,60.0 gram
1873,500.0 gram
1875,128.0 gram
1879,28.0 gram
1881,125.0 gram
1883,19.6 pound
1885,8.0 ounce
1886,1.0 ton
1887,15.4 pound
1891,91.0 gram
1892,453.0 kilogram
1895,256.0 gram
1896,14.0 ton
1898,300.0 pound
1900,25.0 pound
1902,140.0 gram
1906,550900243.0 ton
1909,4.0 ton
1914,1.0 pound
1915,500.0 gram
1918,0.7 kilogram
1920,255.0 gram
1922,250.0 pound
1924,50.0 gram
1931,44.0 pound
1932,250.0 gram
1933,4.0 kilogram
1939,860.0 gram
1941,27.0 gram
1942,2.0 ton
1945,60.0 gram
1948,650.0 gram
1949,22.0 pound
1950,750.0 gram
1952,331.0 pound
1953,23.0 pound
1955,36.0 ounce
1957,88.0 pound
1958,1.0 kilogram
1960,454.0 gram
1961,128.0 gram
1963,1.0 kilogram
1966,25.0 gram
1968,42.0 gram
1969,32.0 gram
1970,400.0 kilogram
1971,430.0 gram
1973,1.0 kilogram
1975,9.0 kilogram
1976,925.0 ton
1977,330.0 pound
1978,5.0 pound
1979,110.0 gram
1983,2.0 pound
1984,330.0 pound
1985,0.0 ton
1987,660.0 ton
1990,16.4 pound
1991,800.0 gram
1992,912.0 gram
1994,2.0 ton
1995,64.0 gram
1997,454.0 gram
2001,240.0 gram
2004,2265.0 gram
2008,8.0 ton
2012,4.1 pound
2013,500.0 pound
2015,380.0 gram
2017,50.0 gram
2020,2.0 ton
2021,4.7 pound
2023,23.0 gram
2025,2.7 pound
2026,6.0 ton
2028,12.0 ounce
2029,200.0 gram
2030,95.0 gram
2031,30.0 gram
2034,226.0 gram
2035,100.0 gram
2036,15.0 gram
2038,396.0 gram
2040,1.0 kilogram
2041,6.5 pound
2042,481.0 gram
2046,15.0 ton
2047,4.4 pound
2049,23.0 gram
2052,220.0 pound
2053,468.0 gram
2054,32.0 ounce
2055,20.0 pound
2056,155.0 pound
2057,15.0 pound
2058,1502.4 gram
2059,32.0 gram
2064,11.5 ounce
2067,142.0 gram
2071,60.0 pound
2073,5.0 gram
2074,281.0 gram
2075,22.0 pound
2080,0.8 ounce
2081,200.0 gram
2082,220.0 pound
2085,88.0 pound
2086,1.0 pound
2089,35.9 pound
2090,8.0 kilogram
2092,1.8 kilogram
2094,19.0 gram
2095,90.0 gram
2096,32.0 gram
2097,113.0 gram
2098,297.7 gram
2105,20.8 ounce
2106,70.0 gram
2107,220.0 gram
2109,260.0 gram
2114,287.0 pound
2115,226.0 gram
2117,436.0 gram
2121,12.0 gram
2123,40.0 kilogram
2125,29.7 pound
2127,40.0 gram
2129,9.6 gram
2131,50.0 gram
2134,5.0 kilogram
2137,13.0 pound
2138,280.0 gram
2139,70.0 gram
2141,1600.0 gram
2142,2.7 ton
2144,8165.0 kilogram
2146,340.0 gram
2147,11.0 gram
2149,1.0 gram
2151,1.4 ounce
2152,45.0 pound
2153,18.0 gram
2154,96.0 gram
2156,4813704308.0 gram
2157,8.0 ton
2159,200.0 gram
2160,2177.0 gram
2161,80.0 gram
2162,12.9 ounce
2164,439.0 gram
2168,1.0 kilogram
2170,950.0 gram
2172,6.0 gram
2176,6.0 pound
2177,128.0 gram
2179,316.0 gram
2180,62.0 gram
2181,1.0 gram
2183,280.0 gram
2184,25.0 kilogram
2185,450.0 gram
2189,33.5 pound
2190,6.0 gram
2193,220.0 pound
2194,4.0 ton
2197,210.0 gram
2199,14.0 pound
2200,64.0 gram
2201,2.0 pound
2203,100.0 kilogram
2204,16.0 ounce
2211,0.0 ton
2212,33.0 gram
2213,520.0 gram
2214,3.0 ton
2215,6.0 ton
2216,2.0 gram
2217,354.0 gram
2219,52.0 gram
2220,454.0 gram
2222,7.0 gram
2225,264.6 pound
2228,4.8 pound
2229,25.0 gram
2230,155.0 gram
2231,2.6 ton
2233,24.0 pound
2235,45.0 gram
2236,300.0 pound
2238,16.0 pound
2239,5.2 kilogram
2240,7.0 ounce
2241,220.0 pound
2243,340.0 gram
2244,170.0 pound
2245,1.0 kilogram
2246,15.0 pound
2248,30.0 pound
2249,2.7 gram
2250,6889.0 ton
2252,200.0 gram
2255,2.8 pound
2256,30.0 pound
2257,0.4 kilogram
2258,127.6 pound
2261,12.0 pound
2262,3.0 ounce
2264,227.0 gram
2266,10.0 pound
2267,240.0 gram
2269,64.0 gram
2270,745.0 gram
2271,907.0 gram
2274,907.0 gram
2275,1.0 pound
2276,400.0 gram
2277,209.0 pound
2278,12.0 ton
2279,128.0 gram
2283,425.0 gram
2284,10.0 pound
2286,19.8 pound
2287,166.0 gram
2290,20.0 kilogram
2291,20.0 gram
2292,455.0 gram
2294,660.0 pound
2295,120.0 gram
2296,467.0 gram
2297,189.5 pound
2300,70.0 pound
2301,180.0 pound
2302,1.9 pound
2305,1200.0 pound
2306,196.0 gram
2308,120.0 gram
2309,1000.0 gram
2310,36.0 pound
2311,142.0 gram
2313,128.0 gram
2314,8.0 ounce
2316,12.5 pound
2318,20.0 kilogram
2319,5.6 ounce
2320,28.3 gram
2321,209.0 gram
2322,37.0 pound
2323,340.0 gram
2324,1.0 ton
2326,100.2 ounce
2329,2760.0 gram
2331,2.0 kilogram
2332,30.0 gram
2333,550.0 pound
2336,2.0 gram
2337,95.0 gram
2339,6.0 pound
2340,17.0 pound
2341,244.0 gram
2345,2006.0 pound
2346,2.5 pound
2349,35.0 ton
2350,112.0 gram
2353,236.0 gram
2354,0.0 ton
2355,198.0 gram
2357,709.0 gram
2358,300.0 gram
2360,418.0 gram
2361,24.0 gram
2362,250.0 pound
2363,3973.0 gram
2364,500.0 gram
2366,128.0 gram
2367,510.0 gram
2369,908.0 gram
2370,3.0 gram
2371,198.0 gram
2372,57.3 pound
2373,0.0 gram
2374,226.0 gram
2375,75.0 gram
2377,18.7 ounce
2378,175.0 gram
2379,680.0 gram
2381,16.0 ounce
2382,454.0 gram
2384,2.8 pound
2385,500.0 gram
2386,600.0 pound
2388,0.7 pound
2390,0.5 kilogram
2391,99.0 gram
2392,4.0 pound
2393,3.5 pound
2396,340.0 gram
2401,128.0 gram
2402,250.0 gram
2407,141.0 gram
2408,340.0 gram
2409,454.0 gram
2411,12.0 pound
2414,1300.0 gram
2415,550.0 gram
2417,100.0 gram
2419,1022901.0 gram
2420,127.0 kilogram
2423,680.0 gram
2425,28.0 ounce
2427,90.0 gram
2429,100.0 kilogram
2435,20.0 ounce
2436,124.0 gram
2438,400.0 pound
2439,1.0 ton
2440,13.1 ounce
2441,1.5 gram
2442,890.0 gram
2443,907.0 gram
2444,300.0 gram
2445,1995.0 gram
2446,58.0 gram
2449,2.0 pound
2450,128.0 gram
2453,6.0 ounce
2454,32.0 gram
2455,23.0 pound
2456,100.0 gram
2457,126.0 gram
2458,2000.0 gram
2459,256.0 gram
2460,182115.0 ton
2461,227.0 gram
2462,260.0 gram
2464,212.0 gram
2466,3.0 gram
2467,50.0 kilogram
2468,130.0 gram
2470,810.0 gram
2471,5.0 pound
2472,42.0 gram
2473,106.0 gram
2474,256.0 gram
2476,226.7 gram
2477,472.0 gram
2478,10.0 ounce
2479,1.0 ton
2481,14.3 pound
2482,200.0 gram
2484,20.0 pound
2485,227.0 gram
2486,65.0 pound
2489,4000.0 gram
2490,26.0 gram
2491,420.0 gram
2492,750.0 gram
2495,10.0 ton
2496,600.0 pound
2498,2003.0 ton
2500,6.4 ounce
2503,11.0 ounce
2504,387.0 ton
2505,15.8 ounce
2506,128.0 gram
2510,182115.0 ton
2511,140.0 gram
2512,8.0 gram
2513,284.0 gram
2515,39.9 kilogram
2519,3.6 pound
2522,14.0 ton
2523,31002.0 ton
2526,342.0 gram
2533,200.0 kilogram
2538,93.9 pound
2540,128.0 gram
2541,42.8 pound
2543,16.0 pound
2544,4.2 pound
2547,680.0 gram
2549,6.0 ounce
2551,200.0 gram
2554,89.0 gram
2557,212.0 gram
2558,500.0 gram
2559,54.0 gram
2560,907.1 gram
2562,1.0 kilogram
2564,1.4 kilogram
2565,35.0 ton
2567,264.0 pound
2569,0.0 ton
2572,0.6 pound
2574,128.0 gram
2577,290.0 pound
2581,0.4 pound
2582,8.5 ounce
2584,0.9 ounce
2585,130.0 pound
2586,50.0 pound
2588,6.9 kilogram
2589,100.0 gram
2591,22.0 gram
2592,788.0 gram
2593,35.0 pound
2594,400.0 gram
2596,652.0 gram
2598,13.0 pound
2599,100.0 gram
2601,2.5 kilogram
2606,13.2 pound
2607,170.0 gram
2609,1.6 pound
2612,2.0 gram
2613,443.0 gram
2614,1.0 ton
2616,3.7 pound
2621,147.0 gram
2623,5.5 pound
2625,7.0 kilogram
2627,28.0 gram
2628,18.0 gram
2629,31.0 gram
2631,55.0 pound
2632,229.3 pound
2634,622228031.0 ton
2635,226.8 gram
2639,32.0 gram
2642,15.0 pound
2643,50.0 gram
2644,3.4 gram
2646,0.8 gram
2647,291.0 ton
2648,30.0 kilogram
2650,2.0 kilogram
2651,690.0 gram
2652,270.0 gram
2657,337.0 gram
2658,1850.0 gram
2659,16.0 ton
2660,0.9 kilogram
2661,900.0 gram
2663,38.5 ounce
2664,600.0 gram
2666,2.0 gram
2667,128.0 gram
2669,3.7 pound
2671,38.5 pound
2672,81.0 gram
2673,12.0 ounce
2674,340.0 gram
2675,242.0 gram
2676,7.2 kilogram
2677,312.0 gram
2680,50.0 pound
2682,13.0 kilogram
2683,32.0 gram
2685,13.5 gram
2687,5.0 pound
2688,283.0 gram
2690,31.0 pound
2691,10.0 ton
2692,0.0 pound
2694,11.0 kilogram
2695,32.0 gram
2697,100.0 gram
2698,14.5 pound
2699,50.0 gram
2700,1.3 pound
2702,21.0 gram
2704,88.0 gram
2705,4.6 kilogram
2706,140.0 gram
2708,128.0 gram
2709,454.0 gram
2710,750.0 gram
2711,100.0 gram
2712,5.0 pound
2714,5.0 ton
2715,4.1 pound
2717,5.2 ounce
2719,105.0 gram
2721,49.0 gram
2722,319.0 gram
2723,170703100377962.0 pound
2724,1.6 ounce
2725,5.0 ton
2726,100.0 gram
2727,285.0 pound
2728,195.0 gram
2732,219.0 gram
2734,220.0 pound
2735,227.0 gram
2742,400.0 gram
2743,150.0 kilogram
2744,157.5 gram
2745,200.0 pound
2746,60.0 pound
2747,500.0 gram
2748,128.0 gram
2749,80.0 kilogram
2750,38.0 gram
2751,5.0 pound
2753,40.0 gram
2754,15.0 pound
2756,4.6 gram
2757,310.0 gram
2758,48.0 ton
2762,22.0 pound
2763,0.2 pound
2765,7.9 pound
2766,114.0 gram
2767,55.0 gram
2770,1.5 pound
2771,200.0 gram
2774,172.0 pound
2776,440.0 pound
2777,3.3 pound
2778,27.0 ounce
2779,1912.0 ton
2781,4.0 ton
2782,23.2 pound
2783,400.0 pound
2785,1.0 ton
2786,20.0 ounce
2787,230.0 gram
2793,0.1 gram
2794,8.0 gram
2795,128.0 gram
2797,32.0 gram
2798,1.2 gram
2800,1.8 pound
2801,3.4 kilogram
2802,16.0 pound
2803,331.0 gram
2804,208.0 gram
2811,2.2 pound
2814,1.2 ounce
2815,5.0 gram
2816,37.0 gram
2817,9.0 gram
2821,3.5 ounce
2822,45.1 pound
2823,96.0 gram
2826,128.0 gram
2828,280.0 gram
2829,10.5 kilogram
2830,143.0 gram
2832,0.5 pound
2833,800.0 pound
2835,64.0 gram
2837,298.0 gram
2840,18.0 pound
2841,64.0 gram
2842,300.0 kilogram
2843,15.0 gram
2844,454.0 gram
2845,8.0 kilogram
2846,384.0 gram
2847,87.0 gram
2848,143.0 pound
2849,35.0 gram
2850,500.0 gram
2851,11.0 ounce
2852,11.0 ton
2853,128.0 gram
2854,60.0 ton
2857,128.0 gram
2859,20.0 kilogram
2861,110.0 pound
2862,64.0 gram
2863,1.0 pound
2864,32.0 gram
2866,6.0 ton
2867,216.0 ton
2868,3.0 ton
2870,285.0 gram
2871,295.0 gram
2873,60.0 pound
2874,17.6 pound
2875,2.2 pound
2879,128.0 gram
2882,512.0 gram
2885,28878.0 ton
2887,300.0 pound
2889,70.0 pound
2891,4.1 ounce
2892,5.1 pound
2893,4.0 gram
2894,330.0 pound
2895,1020.0 gram
2896,512.0 gram
2899,800.0 gram
2904,309.0 gram
2905,55.0 pound
2906,139.0 gram
2907,20.0 ton
2908,44.0 pound
2909,12.7 ounce
2912,454.0 kilogram
2916,600.0 pound
2917,0.3 pound
2919,18.0 pound
2920,330.0 pound
2921,525.0 gram
2923,3.3 pound
2927,32.0 gram
2930,300.0 kilogram
2931,14.2 ounce
2932,105.0 gram
2933,16.0 gram
2934,16.3 kilogram
2935,128.0 gram
2936,440.0 pound
2938,34.0 pound
2944,400.0 gram
2946,20.0 pound
2947,330.0 pound
2950,15.0 pound
2952,421.0 gram
2954,33.0 gram
2957,3.0 pound
2958,265.0 pound
2959,5.0 kilogram
2961,400.0 pound
2963,30.0 ton
2964,200.0 kilogram
2965,50.0 pound
2967,8.0 ounce
2968,74.2 gram
2970,1.6 ounce
2972,35.3 pound
2976,425.0 gram
2978,900.0 kilogram
2979,14.0 pound
2982,22.0 gram
2984,128.0 gram
2986,88.0 pound
2987,19.5 pound
2988,0.2 pound
2989,16.0 gram
2990,20.0 pound
2991,32.0 gram
2992,5.5 gram
2995,440.0 pound
2996,50.0 pound
2997,32.0 gram
2998,220.0 pound
2999,30.0 pound
3000,1.2 ounce
3001,2500.0 gram
3002,32.0 gram
3004,300.0 gram
3006,550.0 pound
3007,37.0 pound
3010,3.3 pound
3011,500.0 gram
3013,38.0 ounce
3016,16.0 gram
3018,2.0 ton
3021,226.0 gram
3022,15.0 pound
3024,18.0 pound
3036,830.0 gram
3037,256.0 gram
3038,128.0 gram
3039,3320.0 pound
3040,1.2 gram
3041,12.0 gram
3042,64.0 gram
3046,8.0 gram
3047,18.0 gram
3048,2.8 pound
3050,32.0 gram
3053,29.0 pound
3056,22.0 pound
3057,800.0 pound
3058,86.0 gram
3059,3.0 ton
3060,110.0 pound
3061,2.5 ounce
3062,255.0 gram
3063,0.3 ounce
3064,45.6 pound
3066,64.0 gram
3067,63.0 gram
3068,3.0 kilogram
3070,1.0 gram
3071,20.0 kilogram
3072,16.5 pound
3074,3.5 kilogram
3075,60.0 gram
3076,440.0 pound
3080,135.0 gram
3081,28.0 ounce
3082,8.5 pound
3084,570.0 gram
3086,907.0 gram
3087,0.6 pound
3089,24.0 ounce
3090,11.0 gram
3091,2.6 ounce
3096,5.0 pound
3098,300.0 pound
3100,80.0 gram
3101,440.0 pound
3104,55.0 pound
3105,168.0 gram
3106,505.0 gram
3109,500.0 pound
3110,4.0 ton
3111,180.0 pound
3112,100.0 gram
3113,9.0 ton
3116,7.0 pound
3117,15.0 pound
3119,64.0 gram
3120,1.0 kilogram
3124,453.0 gram
3127,330.0 kilogram
3128,29.0 pound
3131,18.0 gram
3132,176.0 gram
3135,428.0 gram
3137,21.0 ounce
3139,265.0 pound
3140,220.0 pound
3141,21.9 kilogram
3142,1.6 pound
3144,6.0 kilogram
3145,23.0 kilogram
3149,65.0 ton
3150,350.0 pound
3151,3.6 pound
3152,27.0 pound
3153,16.0 gram
3154,30.0 pound
3155,716.0 pound
3157,185.0 gram
3158,128.0 gram
3159,64.0 gram
3160,22.0 pound
3161,128.0 gram
3162,6.0 gram
3163,1.0 ton
3164,0.8 pound
3165,400.0 pound
3167,6000.0 pound
3168,3.8 pound
3169,12.0 gram
3170,2.2 pound
3175,9536.0 gram
3177,147.0 gram
3179,1.3 pound
3180,32.0 gram
3183,116.0 gram
3184,440.0 pound
3185,512.0 gram
3186,1.1 pound
3187,325.0 gram
3188,220.0 gram
3190,50.0 pound
3192,400.0 pound
3193,180.0 gram
3196,300.0 pound
3197,300.0 pound
3198,142.0 gram
3199,128.0 gram
3200,25.0 ton
3201,60.0 gram
3204,372.0 gram
3205,880.0 pound
3206,4.1 kilogram
3207,53.0 pound
3209,264.0 pound
3212,2.0 ton
3214,340.0 gram
3218,80.0 gram
3220,32.0 gram
3221,34.0 gram
3222,265.0 pound
3224,6.0 gram
3225,320.0 pound
3227,200.0 pound
3229,512.0 gram
3231,512.0 gram
3232,500.0 gram
3233,3.3 pound
3234,25.0 pound
3235,16.0 gram
3236,459.0 ton
3237,10.4 gram
3242,10.0 kilogram
3244,140.0 gram
3246,100.0 gram
3247,180.0 gram
3248,190.0 ton
3249,128.0 gram
3252,5.5 pound
3255,0.5 pound
3256,250.0 gram
3258,2.7 ton
3259,14.8 gram
3262,384.0 gram
3263,80.0 ton
3264,24.0 gram
3266,128.0 gram
3267,400.0 pound
3270,32.0 gram
3271,225.0 gram
3272,9.5 gram
3275,8.5 ounce
3276,27.5 pound
3280,1.5 kilogram
3282,8.0 gram
3283,266.0 gram
3284,88.0 pound
3285,2.7 pound
3286,30.0 gram
3287,190.0 gram
3288,250.0 gram
3290,3.9 ounce
3291,24.0 gram
3292,35.0 ton
3293,17.6 pound
3294,118.4 gram
3296,3.0 gram
3299,32.0 gram
3301,50.0 gram
3302,880.0 pound
3305,800.0 pound
3307,2.0 gram
3309,60.0 pound
3310,0.8 pound
3312,88.0 pound
3313,155.0 gram
3314,32.0 gram
3316,0.1 pound
3318,245.7 gram
3319,38.0 pound
3320,9.0 pound
3322,5.0 gram
3323,0.7 pound
3324,64.0 gram
3330,41.8 pound
3331,4.0 kilogram
3332,256.0 gram
3333,5.5 ounce
3334,350.0 pound
3336,6.2 pound
3337,540.0 gram
3340,128.0 gram
3341,75.0 gram
3342,10.0 gram
3343,4.0 ounce
3347,8.0 pound
3348,330.0 pound
3349,200.0 kilogram
3350,10.0 pound
3351,256.0 gram
3353,300.0 gram
3354,120.0 pound
3357,13.0 pound
3358,220.0 pound
3359,128.0 gram
3360,4.1 pound
3361,700240.0 gram
3362,5.0 pound
3363,4.0 gram
3365,5.5 ounce
3367,230.0 gram
3368,3.2 ounce
3370,36.0 gram
3371,0.6 pound
3372,52.8 pound
3374,512.0 gram
3376,4.0 gram
3377,88.0 ounce
3378,28.0 pound
3381,802.0 gram
3384,3.0 pound
3385,32.0 gram
3386,1.3 ounce
3389,180.0 gram
3390,850.0 gram
3391,100.0 kilogram
3394,8.7 ounce
3395,3.0 ton
3396,5011.0 ton
3402,15.0 ton
3404,16.0 gram
3405,5.0 pound
3406,35.0 pound
3409,150.0 pound
3411,55.0 pound
3412,160.0 gram
3414,40.0 gram
3415,182115.0 ton
3418,137.0 pound
3422,11510680.0 gram
3423,264.0 pound
3424,3.5 gram
3426,300.0 pound
3430,512.0 gram
3433,271.0 gram
3435,4000.0 ton
3438,4.5 kilogram
3439,680.0 gram
3443,888.0 gram
3445,10.5 ounce
3446,16.0 gram
3448,252.0 gram
3449,1.5 kilogram
3450,12.0 ton
3453,454.0 gram
3455,280.0 gram
3456,66.0 pound
3457,24.0 gram
3459,1100.0 pound
3460,5.5 pound
3461,2.2 pound
3464,32.0 gram
3465,29.0 gram
3466,260.0 ton
3467,60.0 gram
3469,14.0 gram
3470,13.0 pound
3473,256.0 gram
3475,2.7 pound
3477,64.0 gram
3484,344.0 gram
3485,70.0 pound
3486,11.0 ounce
3487,56.0 gram
3494,3.0 pound
3497,16.0 pound
3499,15.0 pound
3500,4.0 gram
3501,280.0 gram
3503,4.0 gram
3504,30.0 pound
3505,160.0 gram
3507,405.0 gram
3508,810.0 gram
3509,0.2 pound
3510,26.5 pound
3512,330.0 pound
3515,1.0 kilogram
3516,154.0 pound
3517,217.0 gram
3518,1060.0 gram
3520,55.0 pound
3521,150.0 gram
3525,5.5 ounce
3526,14.0 gram
3529,2.9 pound
3530,600.0 pound
3532,0.3 kilogram
3536,2020.0 ton
3537,128.0 gram
3539,430.0 gram
3541,8.0 ounce
3542,210.0 gram
3547,370.0 gram
3550,256.0 gram
3551,89.0 gram
3554,2175.0 gram
3555,2.8 pound
3558,544.0 gram
3559,380.0 gram
3560,16.0 gram
3561,2000.0 gram
3562,330.0 pound
3564,1.0 ton
3566,17.0 ounce
3567,1.0 kilogram
3568,0.3 pound
3570,33.0 pound
3573,110.0 gram
3575,200.0 gram
3576,43.6 pound
3577,11.0 pound
3579,0.9 pound
3580,2032.0 ton
3581,0.1 kilogram
3582,310.0 gram
3584,590.0 gram
3585,36.0 gram
3586,32.0 gram
3587,15.0 pound
3589,230.0 gram
3591,14.0 gram
3592,440.0 pound
3593,59.0 ton
3595,15.0 pound
3596,1.0 gram
3598,12.1 pound
3599,128.0 ounce
3601,350.0 pound
3604,2.5 pound
3607,81.0 kilogram
3608,24.0 kilogram
3610,15.0 gram
3612,11.0 gram
3613,10.0 gram
3614,420.0 gram
3617,141.0 gram
3618,500.0 gram
3619,4.0 gram
3620,960.0 gram
3622,16.0 gram
3626,15.0 pound
3627,34.0 gram
3629,140.0 gram
3630,265.0 pound
3632,60.0 pound
3633,64.0 gram
3634,20.0 kilogram
3641,1700.0 ton
3643,485.0 pound
3644,4.0 gram
3648,810.0 gram
3651,40.0 pound
3652,32.0 ounce
3656,3.2 gram
3657,4.0 ounce
3660,137.0 pound
3661,25.4 ounce
3663,330.0 pound
3664,4.0 gram
3665,2.2 pound
3667,2.4 kilogram
3670,16.0 gram
3671,30.0 ton
3674,4.9 kilogram
3678,1.1 pound
3679,60.0 pound
3682,7.6 ounce
3683,22.0 pound
3686,192.0 gram
3687,4.0 pound
3689,10.8 pound
3690,8.0 gram
3691,375.0 gram
3692,28.7 pound
3693,2268.0 gram
3694,44.0 ounce
3696,1.0 ton
3697,28.7 kilogram
3698,16.0 gram
3700,32.0 gram
3703,225.0 gram
3706,256.0 gram
3707,240.0 gram
3710,0.7 ounce
3713,1.0 ton
3717,55.0 ton
3719,5.0 ounce
3721,500.0 gram
3723,30.0 gram
3724,30.0 ton
3725,58.0 gram
3727,375.0 pound
3728,55.0 pound
3731,8.0 ton
3733,250.0 pound
3734,8.0 gram
3735,60.0 pound
3736,512.0 gram
3738,64.0 gram
3739,32.0 gram
3741,256.0 gram
3742,2.0 pound
3747,20.5 gram
3748,8.0 gram
3750,200.0 ton
3751,37.1 pound
3754,0.6 pound
3756,2.0 ton
3759,26.0 gram
3760,88.0 pound
3761,70.0 gram
3762,3.0 pound
3769,190.0 ton
3772,3.0 kilogram
3773,907.0 gram
3774,297.0 gram
3775,216.0 gram
3776,256.0 gram
3777,0.6 pound
3781,600.0 pound
3782,10.0 pound
3783,5.6 gram
3784,1.1 kilogram
3785,276.0 gram
3787,1291.0 gram
3789,265.0 pound
3791,208.0 gram
3792,18.0 gram
3796,3000.0 gram
3797,165.0 gram
3800,100.0 gram
3802,32.0 gram
3807,3.5 pound
3809,6289.0 gram
3810,11.0 pound
3814,180.0 pound
3816,228.0 gram
3817,1500.0 pound
3818,4.0 gram
3819,90.0 pound
3820,14.0 pound
3821,36.0 gram
3824,300.0 kilogram
3826,201.0 gram
3827,3.0 pound
3828,182115.0 ton
3829,360.0 gram
3835,6.4 pound
3843,800.0 pound
3844,5000.0 gram
3845,10.2 ounce
3846,300.0 gram
3847,13.4 ounce
3851,32.0 gram
3852,193.0 gram
3855,12.0 pound
3858,128.0 gram
3859,0.4 pound
3860,2.8 kilogram
3861,39.6 pound
3862,13.1 pound
3863,9.0 pound
3864,550.0 pound
3865,15.0 pound
3866,100.0 gram
3868,2.0 ton
3869,3.0 gram
3870,2.7 ton
3872,360.0 gram
3874,550.0 pound
3875,370.0 gram
3880,16.0 gram
3881,38.0 gram
3884,50.0 pound
3887,1.0 ton
3888,5.9 kilogram
3891,256.0 gram
3892,8810.0 pound
3893,3.3 gram
3896,750.0 gram
3897,113.4 gram
3898,660.0 pound
3902,5.0 gram
3903,4.0 gram
3905,64.0 gram
3906,11.0 pound
3907,50.0 pound
3911,660.0 pound
3915,8.0 ounce
3916,350.0 pound
3918,240.0 gram
3921,0.6 pound
3925,9.0 gram
3928,9.0 ton
3929,680.0 gram
3930,128.0 gram
3934,16.0 gram
3935,32.0 ounce
3936,600.0 pound
3939,12.2 pound
3941,64.0 gram
3942,256.0 gram
3945,130.0 gram
3946,1070.0 gram
3947,1.0 gram
3949,10.0 ton
3950,454.0 gram
3951,300.0 pound
3952,301.0 gram
3956,1.0 gram
3957,192.0 gram
3959,7.0 kilogram
3960,62.0 gram
3961,77019.0 ton
3963,16.9 ounce
3966,454.0 gram
3967,330.0 pound
3970,86.9 pound
3973,3.1 pound
3974,56.0 gram
3975,8.0 gram
3979,3.0 kilogram
3980,12.0 ton
3981,0.7 pound
3982,77.0 pound
3986,4.0 gram
3988,6.0 pound
3992,3.0 ton
3994,256.0 gram
4001,16.0 gram
4006,66.0 gram
4009,64.0 gram
4010,23009.0 ton
4012,500.0 gram
4013,99.0 pound
4015,17.0 pound
4016,60.0 gram
4018,220.0 pound
4021,304.0 gram
4022,255.0 gram
4023,32.0 gram
4024,64.0 gram
4027,250.0 pound
4028,25.0 gram
4029,750.0 gram
4030,255.0 gram
4031,320.0 pound
4033,2.0 ton
4034,227.0 gram
4035,330.0 pound
4036,8.5 pound
4037,25.0 pound
4038,8.0 pound
4043,0.7 pound
4044,219.0 gram
4047,3.8 pound
4051,64.0 gram
4052,30.0 pound
4053,4.0 kilogram
4054,16.9 kilogram
4055,33.0 gram
4057,352.7 ounce
4058,300.0 kilogram
4059,330.0 pound
4060,80.0 pound
4061,1.8 pound
4062,2.3 pound
4064,20.0 gram
4065,4.0 gram
4066,250.0 gram
4068,512.0 gram
4070,2.3 kilogram
4072,88.0 pound
4075,5.0 pound
4076,8.0 gram
4077,35.0 ounce
4078,64.0 gram
4080,150.0 kilogram
4085,19.0 pound
4087,5.0 gram
4089,300.0 kilogram
4090,65.0 gram
4091,330.0 pound
4094,100.0 gram
4096,241.0 gram
4098,219.0 gram
4101,3.7 pound
4102,907.0 gram
4103,1.0 ton
4104,201.0 gram
4106,105.0 gram
4107,0.9 kilogram
4108,20.0 kilogram
4109,36.5 gram
4111,250.0 kilogram
4114,510.0 gram
4115,110.0 gram
4117,3000.0 ton
4118,480.0 gram
4120,13.0 pound
4121,28.0 pound
4123,5.0 pound
4124,200.0 gram
4125,160.0 gram
4126,123.0 gram
4128,2.0 ton
4131,203.0 gram
4132,158.0 gram
4136,3.6 pound
4138,45.2 pound
4140,800.0 pound
4141,155.0 gram
4145,6.0 ton
4146,8.0 ton
4147,17.6 ounce
4152,230.0 gram
4154,205.0 gram
4155,40.0 kilogram
4157,397.0 gram
4159,20.0 pound
4160,5.0 gram
4162,32.0 ounce
4164,25.0 pound
4172,0.4 pound
4174,13.0 gram
4175,20.0 pound
4178,101.0 pound
4182,20.0 pound
4185,5.0 gram
4186,4.4 pound
4187,10.0 pound
4188,498.0 gram
4191,135.0 gram
4192,20.6 gram
4198,265.0 pound
4200,1.0 ounce
4202,33.0 pound
4204,514.0 gram
4205,750.0 gram
4206,111.0 gram
4209,4.1 pound
4210,40.0 gram
4212,176.0 gram
4214,2.1 ounce
4215,220.0 pound
4218,340.0 gram
4219,220.0 pound
4221,2.0 gram
4223,500.0 pound
4224,65.0 kilogram
4225,21.0 gram
4226,80.0 ton
4227,280.0 gram
4229,1.0 gram
4230,99.0 ton
4232,20.0 pound
4233,3.0 ton
4234,150.0 kilogram
4235,128.0 gram
4238,0.0 pound
4240,88.0 gram
4243,270.0 gram
4245,3.0 ton
4246,623.0 ton
4247,64.0 gram
4248,512.0 gram
4249,2.0 gram
4251,407.0 gram
4255,128.0 gram
4256,1100.0 pound
4257,8.0 ounce
4258,1500.0 gram
4259,240.0 gram
4260,150.0 kilogram
4261,58.7 gram
4262,128.0 gram
4264,5.0 pound
4266,3.2 pound
4267,154.0 gram
4268,4.4 kilogram
4269,19.8 ounce
4271,4.0 ton
4274,33.0 gram
4276,295.0 gram
4277,250.0 gram
4280,171.0 gram
4282,9.0 pound
4283,248.0 gram
4284,250.0 pound
4285,128.0 gram
4286,18.0 gram
4287,1.4 pound
4288,290.0 gram
4290,15.0 gram
4293,2.7 ton
4294,0.2 kilogram
4295,320.0 pound
4297,4.0 ounce
4300,10.4 ounce
4302,1.9 pound
4303,29.0 pound
4304,940.0 gram
4307,5.0 gram
4308,240.0 gram
4309,120.0 kilogram
4310,2.2 pound
4312,20.0 pound
4314,0.7 pound
4315,2.1 pound
4316,2.5 gram
4317,2.5 pound
4318,1.4 kilogram
4319,30.0 pound
4321,4.3 pound
4322,230.0 gram
4323,60.0 pound
4325,5.0 gram
4326,4.0 pound
4327,28.0 gram
4328,4.2 pound
4329,70.0 gram
4331,8.0 ton
4332,1600.0 gram
4334,60.0 pound
4337,260.0 gram
4338,350.0 pound
4340,4.0 gram
4341,16.0 gram
4343,11.0 pound
4345,2.0 gram
4348,0.7 kilogram
4350,16.2 gram
4351,4.0 gram
4356,300.0 pound
4360,5.0 gram
4362,1.0 gram
4363,600.0 gram
4364,74.0 gram
4365,6.3 pound
4367,450.0 gram
4368,2.5 gram
4369,128.0 gram
4371,520.0 gram
4372,5.0 gram
4373,100.0 kilogram
4374,35.0 ounce
4376,32.0 gram
4381,64.0 gram
4383,330.0 pound
4387,5.0 kilogram
4389,28.0 pound
4395,0.6 pound
4396,416.0 gram
4397,200.0 kilogram
4399,20.0 pound
4401,20.0 gram
4402,2.5 gram
4403,35.1 gram
4404,252.0 gram
4405,2.0 gram
